scope,semantic_key,actual_field
requestFields,appVersion,release_tag
requestFields,pushToken,pulse_token
requestFields,deviceNo,device_fingerprint
requestFields,transactionId,store_receipt_id
requestFields,payload,receipt_blob
requestFields,callbackResult,order_reference
requestFields,roomPushMsgType,room_delivery_kind
h5Fields,orderCode,order_ref
h5Fields,batchNo,product_sku
h5Fields,openUrl,launch_url
additionalLoginFields,loginType,entry_mode
additionalLoginFields,scene,entry_context
additionalLoginFields,email,mailbox
additionalLoginFields,password,secret_phrase
additionalLoginFields,appleToken,apple_assertion
additionalLoginFields,appleAuthorizationCode,apple_code
additionalLoginFields,appleUserId,apple_subject
